<?xml version="1.0" ?>
<LOG_ROOT>
	<PROJECT NAME="de2_video_processor">
		<CBX_INST_ENTRY INSTANCE_NAME="|de2_video_processor|de2_video_processor_system:u0|de2_video_processor_system_sgdma_0:sgdma_0|de2_video_processor_system_sgdma_0_chain:the_de2_video_processor_system_sgdma_0_chain|descriptor_read_which_resides_within_de2_video_processor_system_sgdma_0:the_descriptor_read_which_resides_within_de2_video_processor_system_sgdma_0|altshift_taps:desc_assembler_rtl_0" CBX_FILE_NAME="shift_taps_rvm.tdf"/>
		<CBX_INST_ENTRY INSTANCE_NAME="|de2_video_processor|de2_video_processor_system:u0|de2_video_processor_system_sgdma_0:sgdma_0|de2_video_processor_system_sgdma_0_chain:the_de2_video_processor_system_sgdma_0_chain|descriptor_read_which_resides_within_de2_video_processor_system_sgdma_0:the_descriptor_read_which_resides_within_de2_video_processor_system_sgdma_0|descriptor_read_which_resides_within_de2_video_processor_system_sgdma_0_control_bits_fifo:the_descriptor_read_which_resides_within_de2_video_processor_system_sgdma_0_control_bits_fifo|scfifo:descriptor_read_which_resides_within_de2_video_processor_system_sgdma_0_control_bits_fifo_controlbitsfifo|a_fffifo:subfifo|a_fefifo:fifo_state|lpm_compare:is_almost_full_compare" CBX_FILE_NAME="cmpr_kag.tdf"/>
		<CBX_INST_ENTRY INSTANCE_NAME="|de2_video_processor|de2_video_processor_system:u0|de2_video_processor_system_sgdma_0:sgdma_0|de2_video_processor_system_sgdma_0_chain:the_de2_video_processor_system_sgdma_0_chain|descriptor_read_which_resides_within_de2_video_processor_system_sgdma_0:the_descriptor_read_which_resides_within_de2_video_processor_system_sgdma_0|descriptor_read_which_resides_within_de2_video_processor_system_sgdma_0_control_bits_fifo:the_descriptor_read_which_resides_within_de2_video_processor_system_sgdma_0_control_bits_fifo|scfifo:descriptor_read_which_resides_within_de2_video_processor_system_sgdma_0_control_bits_fifo_controlbitsfifo|a_fffifo:subfifo|lpm_counter:rd_ptr" CBX_FILE_NAME="cntr_e6f.tdf"/>
		<CBX_INST_ENTRY INSTANCE_NAME="|de2_video_processor|sld_signaltap:auto_signaltap_0|sld_signaltap_impl:sld_signaltap_body|sld_signaltap_implb:sld_signaltap_body|altsyncram:\stp_non_zero_ram_gen:stp_buffer_ram" CBX_FILE_NAME="altsyncram_cv14.tdf"/>
		<CBX_INST_ENTRY INSTANCE_NAME="|de2_video_processor|de2_video_processor_system:u0|de2_video_processor_system_jtag_uart_0:jtag_uart_0|de2_video_processor_system_jtag_uart_0_scfifo_w:the_de2_video_processor_system_jtag_uart_0_scfifo_w|scfifo:wfifo" CBX_FILE_NAME="scfifo_1n21.tdf"/>
		<CBX_INST_ENTRY INSTANCE_NAME="|de2_video_processor|de2_video_processor_system:u0|de2_video_processor_system_nios2_qsys_0:nios2_qsys_0|de2_video_processor_system_nios2_qsys_0_nios2_oci:the_de2_video_processor_system_nios2_qsys_0_nios2_oci|de2_video_processor_system_nios2_qsys_0_nios2_oci_im:the_de2_video_processor_system_nios2_qsys_0_nios2_oci_im|de2_video_processor_system_nios2_qsys_0_traceram_lpm_dram_bdp_component_module:de2_video_processor_system_nios2_qsys_0_traceram_lpm_dram_bdp_component|altsyncram:the_altsyncram" CBX_FILE_NAME="altsyncram_e502.tdf"/>
		<CBX_INST_ENTRY INSTANCE_NAME="|de2_video_processor|de2_video_processor_system:u0|de2_video_processor_system_nios2_qsys_0:nios2_qsys_0|de2_video_processor_system_nios2_qsys_0_register_bank_a_module:de2_video_processor_system_nios2_qsys_0_register_bank_a|altsyncram:the_altsyncram" CBX_FILE_NAME="altsyncram_4qi1.tdf"/>
		<CBX_INST_ENTRY INSTANCE_NAME="|de2_video_processor|sld_signaltap:auto_signaltap_0|sld_signaltap_impl:sld_signaltap_body|sld_signaltap_implb:sld_signaltap_body|altdpram:\stp_non_zero_ram_gen:attribute_mem_gen:attribute_mem|lpm_mux:mux" CBX_FILE_NAME="mux_7oc.tdf"/>
		<CBX_INST_ENTRY INSTANCE_NAME="|de2_video_processor|sld_signaltap:auto_signaltap_0|sld_signaltap_impl:sld_signaltap_body|sld_signaltap_implb:sld_signaltap_body|sld_offload_buffer_mgr:\stp_non_zero_depth_offload_gen:stp_offload_buff_mgr_inst|lpm_counter:\adv_point_3_and_more:advance_pointer_counter" CBX_FILE_NAME="cntr_fdi.tdf"/>
		<CBX_INST_ENTRY INSTANCE_NAME="|de2_video_processor|de2_video_processor_system:u0|de2_video_processor_system_jtag_uart_0:jtag_uart_0|de2_video_processor_system_jtag_uart_0_scfifo_r:the_de2_video_processor_system_jtag_uart_0_scfifo_r|scfifo:rfifo" CBX_FILE_NAME="scfifo_1n21.tdf"/>
		<CBX_INST_ENTRY INSTANCE_NAME="|de2_video_processor|de2_video_processor_system:u0|de2_video_processor_system_onchip_memory2_0:onchip_memory2_0|altsyncram:the_altsyncram" CBX_FILE_NAME="altsyncram_sse1.tdf"/>
		<CBX_INST_ENTRY INSTANCE_NAME="|de2_video_processor|de2_video_processor_system:u0|de2_video_processor_system_sgdma_0:sgdma_0|de2_video_processor_system_sgdma_0_desc_address_fifo:the_de2_video_processor_system_sgdma_0_desc_address_fifo|scfifo:de2_video_processor_system_sgdma_0_desc_address_fifo_desc_address_fifo|a_fffifo:subfifo|lpm_mux:last_row_data_out_mux" CBX_FILE_NAME="mux_aoc.tdf"/>
		<CBX_INST_ENTRY INSTANCE_NAME="|de2_video_processor|de2_video_processor_system:u0|de2_video_processor_system_sgdma_0:sgdma_0|de2_video_processor_system_sgdma_0_status_token_fifo:the_de2_video_processor_system_sgdma_0_status_token_fifo|scfifo:de2_video_processor_system_sgdma_0_status_token_fifo_status_token_fifo" CBX_FILE_NAME="scfifo_1431.tdf"/>
		<CBX_INST_ENTRY INSTANCE_NAME="|de2_video_processor|de2_video_processor_system:u0|de2_video_processor_system_sgdma_0:sgdma_0|de2_video_processor_system_sgdma_0_stream_fifo:the_de2_video_processor_system_sgdma_0_stream_fifo|scfifo:de2_video_processor_system_sgdma_0_stream_fifo_stream_fifo" CBX_FILE_NAME="scfifo_7431.tdf"/>
		<CBX_INST_ENTRY INSTANCE_NAME="|de2_video_processor|de2_video_processor_system:u0|de2_video_processor_system_nios2_qsys_0:nios2_qsys_0|de2_video_processor_system_nios2_qsys_0_register_bank_b_module:de2_video_processor_system_nios2_qsys_0_register_bank_b|altsyncram:the_altsyncram" CBX_FILE_NAME="altsyncram_5qi1.tdf"/>
		<CBX_INST_ENTRY INSTANCE_NAME="|de2_video_processor|de2_video_processor_system:u0|de2_video_processor_system_sgdma_0:sgdma_0|de2_video_processor_system_sgdma_0_chain:the_de2_video_processor_system_sgdma_0_chain|descriptor_read_which_resides_within_de2_video_processor_system_sgdma_0:the_descriptor_read_which_resides_within_de2_video_processor_system_sgdma_0|descriptor_read_which_resides_within_de2_video_processor_system_sgdma_0_control_bits_fifo:the_descriptor_read_which_resides_within_de2_video_processor_system_sgdma_0_control_bits_fifo|scfifo:descriptor_read_which_resides_within_de2_video_processor_system_sgdma_0_control_bits_fifo_controlbitsfifo|a_fffifo:subfifo|lpm_mux:last_row_data_out_mux" CBX_FILE_NAME="mux_rmc.tdf"/>
		<CBX_INST_ENTRY INSTANCE_NAME="|de2_video_processor|de2_video_processor_system:u0|de2_video_processor_system_sgdma_0:sgdma_0|de2_video_processor_system_sgdma_0_desc_address_fifo:the_de2_video_processor_system_sgdma_0_desc_address_fifo|scfifo:de2_video_processor_system_sgdma_0_desc_address_fifo_desc_address_fifo|a_fffifo:subfifo|a_fefifo:fifo_state|lpm_compare:is_almost_empty_compare" CBX_FILE_NAME="cmpr_kag.tdf"/>
		<CBX_INST_ENTRY INSTANCE_NAME="|de2_video_processor|sld_signaltap:auto_signaltap_0|sld_signaltap_impl:sld_signaltap_body|sld_signaltap_implb:sld_signaltap_body|sld_offload_buffer_mgr:\stp_non_zero_depth_offload_gen:stp_offload_buff_mgr_inst|lpm_counter:read_pointer_counter" CBX_FILE_NAME="cntr_m4j.tdf"/>
		<CBX_INST_ENTRY INSTANCE_NAME="|de2_video_processor|de2_video_processor_system:u0|de2_video_processor_system_sgdma_0:sgdma_0|de2_video_processor_system_sgdma_0_chain:the_de2_video_processor_system_sgdma_0_chain|descriptor_read_which_resides_within_de2_video_processor_system_sgdma_0:the_descriptor_read_which_resides_within_de2_video_processor_system_sgdma_0|descriptor_read_which_resides_within_de2_video_processor_system_sgdma_0_control_bits_fifo:the_descriptor_read_which_resides_within_de2_video_processor_system_sgdma_0_control_bits_fifo|scfifo:descriptor_read_which_resides_within_de2_video_processor_system_sgdma_0_control_bits_fifo_controlbitsfifo|a_fffifo:subfifo|a_fefifo:fifo_state|lpm_compare:is_almost_empty_compare" CBX_FILE_NAME="cmpr_kag.tdf"/>
		<CBX_INST_ENTRY INSTANCE_NAME="|de2_video_processor|de2_video_processor_system:u0|video_fb_streamer:video_fb_streamer_0|video_fb_fifo:f0|dcfifo:f0" CBX_FILE_NAME="dcfifo_v8v1.tdf"/>
		<CBX_INST_ENTRY INSTANCE_NAME="|de2_video_processor|sld_signaltap:auto_signaltap_0|sld_signaltap_impl:sld_signaltap_body|sld_signaltap_implb:sld_signaltap_body|sld_offload_buffer_mgr:\stp_non_zero_depth_offload_gen:stp_offload_buff_mgr_inst|lpm_counter:status_advance_pointer_counter" CBX_FILE_NAME="cntr_qbi.tdf"/>
		<CBX_INST_ENTRY INSTANCE_NAME="|de2_video_processor|de2_video_processor_system:u0|de2_video_processor_system_nios2_qsys_0:nios2_qsys_0|de2_video_processor_system_nios2_qsys_0_nios2_oci:the_de2_video_processor_system_nios2_qsys_0_nios2_oci|de2_video_processor_system_nios2_qsys_0_nios2_ocimem:the_de2_video_processor_system_nios2_qsys_0_nios2_ocimem|de2_video_processor_system_nios2_qsys_0_ociram_lpm_dram_bdp_component_module:de2_video_processor_system_nios2_qsys_0_ociram_lpm_dram_bdp_component|altsyncram:the_altsyncram" CBX_FILE_NAME="altsyncram_hka2.tdf"/>
		<CBX_INST_ENTRY INSTANCE_NAME="|de2_video_processor|de2_video_processor_system:u0|colour_space_converter:colour_palette_shifter_0|altsyncram:palette_ram" CBX_FILE_NAME="altsyncram_v544.tdf"/>
		<CBX_INST_ENTRY INSTANCE_NAME="|de2_video_processor|de2_video_processor_system:u0|de2_video_processor_system_sgdma_0:sgdma_0|de2_video_processor_system_sgdma_0_command_fifo:the_de2_video_processor_system_sgdma_0_command_fifo|scfifo:de2_video_processor_system_sgdma_0_command_fifo_command_fifo" CBX_FILE_NAME="scfifo_g531.tdf"/>
		<CBX_INST_ENTRY INSTANCE_NAME="|de2_video_processor|sld_signaltap:auto_signaltap_0|sld_signaltap_impl:sld_signaltap_body|sld_signaltap_implb:sld_signaltap_body|altdpram:\stp_non_zero_ram_gen:attribute_mem_gen:attribute_mem|lpm_decode:wdecoder" CBX_FILE_NAME="decode_rqf.tdf"/>
		<CBX_INST_ENTRY INSTANCE_NAME="|de2_video_processor|sld_signaltap:auto_signaltap_0|sld_signaltap_impl:sld_signaltap_body|sld_signaltap_implb:sld_signaltap_body|sld_offload_buffer_mgr:\stp_non_zero_depth_offload_gen:stp_offload_buff_mgr_inst|lpm_counter:status_read_pointer_counter" CBX_FILE_NAME="cntr_gui.tdf"/>
		<CBX_INST_ENTRY INSTANCE_NAME="|de2_video_processor|de2_video_processor_system:u0|de2_video_processor_system_sgdma_0:sgdma_0|de2_video_processor_system_sgdma_0_desc_address_fifo:the_de2_video_processor_system_sgdma_0_desc_address_fifo|scfifo:de2_video_processor_system_sgdma_0_desc_address_fifo_desc_address_fifo|a_fffifo:subfifo|a_fefifo:fifo_state|lpm_compare:is_almost_full_compare" CBX_FILE_NAME="cmpr_kag.tdf"/>
		<CBX_INST_ENTRY INSTANCE_NAME="|de2_video_processor|de2_video_processor_system:u0|de2_video_processor_system_sgdma_0:sgdma_0|de2_video_processor_system_sgdma_0_desc_address_fifo:the_de2_video_processor_system_sgdma_0_desc_address_fifo|scfifo:de2_video_processor_system_sgdma_0_desc_address_fifo_desc_address_fifo|a_fffifo:subfifo|lpm_counter:rd_ptr" CBX_FILE_NAME="cntr_e6f.tdf"/>
		<CBX_INST_ENTRY INSTANCE_NAME="|de2_video_processor|de2_video_processor_system:u0|de2_video_processor_system_sgdma_0:sgdma_0|de2_video_processor_system_sgdma_0_m_readfifo:the_de2_video_processor_system_sgdma_0_m_readfifo|de2_video_processor_system_sgdma_0_m_readfifo_m_readfifo:the_de2_video_processor_system_sgdma_0_m_readfifo_m_readfifo|scfifo:de2_video_processor_system_sgdma_0_m_readfifo_m_readfifo_m_readfifo" CBX_FILE_NAME="scfifo_bo31.tdf"/>
		<CBX_INST_ENTRY INSTANCE_NAME="|de2_video_processor|de2_video_processor_system:u0|video_fb_streamer:video_fb_streamer_0|video_fb_dma_manager:d0|video_fb_sdram_reader:r0|scfifo:f0" CBX_FILE_NAME="scfifo_5fb1.tdf"/>
	</PROJECT>
</LOG_ROOT>
