<?xml version="1.0" encoding="UTF-8"?>
<preferences>
 <debug showDebugMenu="0" />
 <systemtable filter="Default">
  <columns>
   <connections preferredWidth="351" />
   <irq preferredWidth="34" />
  </columns>
 </systemtable>
 <clocktable>
  <columns>
   <clockname preferredWidth="381" />
   <clocksource preferredWidth="381" />
   <frequency preferredWidth="372" />
  </columns>
 </clocktable>
 <library expandedCategories="Project,Library,Project/Video Pipeline" />
 <window width="1460" height="918" x="1667" y="-8" />
 <hdlexample language="VHDL" />
</preferences>
